question_number,column_role,export_column,response,count,pct_of_431,pct_of_answered,note
1,question,What is your age?,35-44,161,37.35,37.35,
1,question,What is your age?,45-54,135,31.32,31.32,
1,question,What is your age?,55-64,65,15.08,15.08,
1,question,What is your age?,25-34,39,9.05,9.05,
1,question,What is your age?,65-74,20,4.64,4.64,
1,question,What is your age?,Prefer not to answer,11,2.55,2.55,
2,question,What is your gender?,Male,300,69.61,69.61,
2,question,What is your gender?,Female,80,18.56,18.56,
2,question,What is your gender?,Prefer not to answer,35,8.12,8.12,
2,question,What is your gender?,Non-binary,15,3.48,3.48,
2,question,What is your gender?,Other,1,0.23,0.23,
3,question,Please indicate your gender identification:,none of your business,1,0.23,100.0,
4,question,What country do you primarily work from?,United States,174,40.37,40.37,
4,question,What country do you primarily work from?,Netherlands,34,7.89,7.89,
4,question,What country do you primarily work from?,Canada,30,6.96,6.96,
4,question,What country do you primarily work from?,Germany,27,6.26,6.26,
4,question,What country do you primarily work from?,United Kingdom,26,6.03,6.03,
4,question,What country do you primarily work from?,Australia,22,5.1,5.1,
4,question,What country do you primarily work from?,Greece,12,2.78,2.78,
4,question,What country do you primarily work from?,Prefer not to answer,11,2.55,2.55,
4,question,What country do you primarily work from?,Spain,10,2.32,2.32,
4,question,What country do you primarily work from?,France,10,2.32,2.32,
4,question,What country do you primarily work from?,"(33 other countries, each under 10 respondents)",75,17.4,17.4,grouped to prevent identification; 43 countries in total
5,question,Which best describes your current work type?,Employee,147,34.11,34.11,
5,question,Which best describes your current work type?,Freelancer / Contractor,69,16.01,16.01,
5,question,Which best describes your current work type?,Business owner,66,15.31,15.31,
5,question,Which best describes your current work type?,"Freelancer / Contractor, Business owner",40,9.28,9.28,
5,question,Which best describes your current work type?,"Employee, Freelancer / Contractor",31,7.19,7.19,
5,question,Which best describes your current work type?,"Employee, Business owner",15,3.48,3.48,
5,question,Which best describes your current work type?,Non-working - not looking for work,8,1.86,1.86,
5,question,Which best describes your current work type?,Other,7,1.62,1.62,
5,question,Which best describes your current work type?,"Freelancer / Contractor, Non-working - looking for work",7,1.62,1.62,
5,question,Which best describes your current work type?,Executive,7,1.62,1.62,
5,question,Which best describes your current work type?,"Employee, Freelancer / Contractor, Business owner",6,1.39,1.39,
5,question,Which best describes your current work type?,"Employee, Executive",5,1.16,1.16,
5,question,Which best describes your current work type?,Non-working - looking for work,4,0.93,0.93,
5,question,Which best describes your current work type?,"Executive, Business owner",3,0.7,0.7,
5,question,Which best describes your current work type?,"Freelancer / Contractor, Business owner, Non-working - looking for work",2,0.46,0.46,
5,question,Which best describes your current work type?,"Employee, Freelancer / Contractor, Non-working - looking for work",2,0.46,0.46,
5,question,Which best describes your current work type?,"Freelancer / Contractor, Other",2,0.46,0.46,
5,question,Which best describes your current work type?,Student,2,0.46,0.46,
5,question,Which best describes your current work type?,"Non-working - not looking for work, Other",1,0.23,0.23,
5,question,Which best describes your current work type?,"Employee, Freelancer / Contractor, Executive",1,0.23,0.23,
5,question,Which best describes your current work type?,"Employee, Non-working - not looking for work, Other",1,0.23,0.23,
5,question,Which best describes your current work type?,"Employee, Other",1,0.23,0.23,
5,question,Which best describes your current work type?,"Freelancer / Contractor, Non-working - not looking for work, Other",1,0.23,0.23,
5,question,Which best describes your current work type?,"Employee, Student",1,0.23,0.23,
5,question,Which best describes your current work type?,"Business owner, Non-working - not looking for work",1,0.23,0.23,
5,question,Which best describes your current work type?,"Freelancer / Contractor, Business owner, Student",1,0.23,0.23,
5,option,Employee,Employee,210,48.72,100.0,
5,option,Freelancer / Contractor,Freelancer / Contractor,162,37.59,100.0,
5,option,Executive,Executive,16,3.71,100.0,
5,option,Business owner,Business owner,134,31.09,100.0,
5,option,Non-working - looking for work,Non-working - looking for work,15,3.48,100.0,
5,option,Non-working - not looking for work,Non-working - not looking for work,12,2.78,100.0,
5,option,Student,Student,4,0.93,100.0,
2,option,Other,Other,13,3.02,100.0,
6,question,What size is the company you work for?,100+ employees,133,30.86,60.45,
6,question,What size is the company you work for?,1-20 employees,51,11.83,23.18,
6,question,What size is the company you work for?,20-50 employees,25,5.8,11.36,
6,question,What size is the company you work for?,50-100 employees,11,2.55,5.0,
7,question,What size is your company?,1-10 employees,66,15.31,49.25,
7,question,What size is your company?,No employees (other than you),59,13.69,44.03,
7,question,What size is your company?,11-20 employees,5,1.16,3.73,
7,question,What size is your company?,50+ employees,4,0.93,2.99,
8,free text,Describe your work type:,(free text - not published),9,2.09,,
9,free text,Which of the following WordPress-related activities do you engage in?,(free text - not published),431,100.0,,
9,option,I use the WordPress open source software,I use the WordPress open source software,401,93.04,100.0,
9,option,I follow updates and discussions about the WordPress open source project,I follow updates and discussions about the WordPress open source project,341,79.12,100.0,
9,option,I participate in WordPress-related events,I participate in WordPress-related events,226,52.44,100.0,
9,option,I contribute to the software development of the WordPress open source,I contribute to the software development of the WordPress open source,120,27.84,100.0,
9,option,I contribute to the community development of the WordPress open source project community development,I contribute to the community development of the WordPress open source project community development,135,31.32,100.0,
9,option,I generate income using the WordPress open source software,I generate income using the WordPress open source software,269,62.41,100.0,
9,option,I work for a company that operates in the WordPress ecosystem,I work for a company that operates in the WordPress ecosystem,171,39.68,100.0,
9,option,"I use WordPress as part of my job or professional work, but my company is not directly involved in the WordPress ecosystem","I use WordPress as part of my job or professional work, but my company is not directly involved in the WordPress ecosystem",152,35.27,100.0,
9,option,I use WordPress personally or for my own organization/project,I use WordPress personally or for my own organization/project,314,72.85,100.0,
9,option,I do not currently participate in WordPress-related activities,I do not currently participate in WordPress-related activities,23,5.34,100.0,
9,option,Other (please describe),Other (please describe),11,2.55,100.0,
11,free text,Where do you participate in the WordPress open source project?,(free text - not published),431,100.0,,
11,option,Make WordPress,Make WordPress,157,36.43,100.0,
11,option,WordPress.org,WordPress.org,206,47.8,100.0,
11,option,Official WordPress events,Official WordPress events,218,50.58,100.0,
11,option,WordPress-adjacent events,WordPress-adjacent events,86,19.95,100.0,
11,option,Membership-based communities,Membership-based communities,131,30.39,100.0,
11,option,Product-related communities,Product-related communities,96,22.27,100.0,
11,option,WordPress communities on social media,WordPress communities on social media,169,39.21,100.0,
11,option,I do not participate in the WordPress open source project.,I do not participate in the WordPress open source project.,91,21.11,100.0,
9,option,Other (please describe) (2),Other (please describe),16,3.71,100.0,
12,free text,Describe where you participate in the WordPress open source project:,(free text - not published),16,3.71,,
13,free text,Which of the following describe the type of work you do with regard to the WordPress open source project?,(free text - not published),431,100.0,,
13,option,Building or developing with WordPress,Building or developing with WordPress,334,77.49,100.0,
13,option,Creating products to use with WordPress,Creating products to use with WordPress,215,49.88,100.0,
13,option,Providing services to WordPress users or businesses,Providing services to WordPress users or businesses,234,54.29,100.0,
13,option,Contributing to the WordPress open source project,Contributing to the WordPress open source project,127,29.47,100.0,
13,option,Contributing to the WordPress community,Contributing to the WordPress community,181,42.0,100.0,
13,option,Using WordPress personally or for your organization,Using WordPress personally or for your organization,316,73.32,100.0,
13,option,Working adjacent to WordPress (not directly building or using it),Working adjacent to WordPress (not directly building or using it),39,9.05,100.0,
13,option,Not currently using WordPress,Not currently using WordPress,10,2.32,100.0,
9,option,Other (please describe) (3),Other (please describe),6,1.39,100.0,
14,free text,Describe your working situation with regard to the WordPress open source project.,(free text - not published),6,1.39,,
15,question,Are you or have you ever been paid for any of your time spent participating in the WordPress open source project?,No - I am not paid for any of my participation in WordPress,248,57.54,57.54,
15,question,Are you or have you ever been paid for any of your time spent participating in the WordPress open source project?,Yes directly - Some or all of my work duties include participating in WordPress,116,26.91,26.91,
15,question,Are you or have you ever been paid for any of your time spent participating in the WordPress open source project?,Yes indirectly - I participate in WordPress for work but am not required to do so,67,15.55,15.55,
16,question,Are you currently being paid for any of your time spent participating in the WordPress open source project?,(never displayed - see note),0,0.0,,conditional routing fault - see LIMITATIONS 5a
17,question,Does the WordPress open source project affect your income?,Yes,205,47.56,47.56,
17,question,Does the WordPress open source project affect your income?,No,138,32.02,32.02,
17,question,Does the WordPress open source project affect your income?,Partially,82,19.03,19.03,
17,question,Does the WordPress open source project affect your income?,Other,6,1.39,1.39,
18,free text,How does the WordPress open source project affect your income?,(free text - not published),163,37.82,,
19,question,I consider myself to be a contributor to the WordPress open source project.,Agree,105,24.36,24.36,
19,question,I consider myself to be a contributor to the WordPress open source project.,Neutral,90,20.88,20.88,
19,question,I consider myself to be a contributor to the WordPress open source project.,Disagree,81,18.79,18.79,
19,question,I consider myself to be a contributor to the WordPress open source project.,Strongly disagree,79,18.33,18.33,
19,question,I consider myself to be a contributor to the WordPress open source project.,Strongly agree,76,17.63,17.63,
20,free text,Which forms of contribution describe your participation in the WordPress open source project?,(free text - not published),181,42.0,,
20,option,Code/programming,Code/programming,100,23.2,100.0,
20,option,Documentation,Documentation,56,12.99,100.0,
20,option,Maintenance,Maintenance,76,17.63,100.0,
20,option,Training/education,Training/education,64,14.85,100.0,
20,option,Translation,Translation,60,13.92,100.0,
20,option,Testing,Testing,55,12.76,100.0,
20,option,Standards,Standards,24,5.57,100.0,
20,option,Compliance,Compliance,8,1.86,100.0,
20,option,Administrative/management,Administrative/management,16,3.71,100.0,
20,option,Community development,Community development,57,13.23,100.0,
20,option,Events,Events,99,22.97,100.0,
20,option,Marketing,Marketing,16,3.71,100.0,
20,option,Sponsorship,Sponsorship,18,4.18,100.0,
20,option,Project governance and policy,Project governance and policy,8,1.86,100.0,
20,option,Community participation,Community participation,99,22.97,100.0,
20,option,Community leadership,Community leadership,42,9.74,100.0,
20,option,Unofficial WordPress events and groups,Unofficial WordPress events and groups,41,9.51,100.0,
2,option,Other (2),Other,10,2.32,100.0,
21,free text,What other form of contribution describes your participation in the WordPress open source project?,(free text - not published),10,2.32,,
22,question,I consider myself to be a member of the WordPress community.,Agree,166,38.52,38.52,
22,question,I consider myself to be a member of the WordPress community.,Strongly agree,142,32.95,32.95,
22,question,I consider myself to be a member of the WordPress community.,Neutral,70,16.24,16.24,
22,question,I consider myself to be a member of the WordPress community.,Disagree,36,8.35,8.35,
22,question,I consider myself to be a member of the WordPress community.,Strongly disagree,17,3.94,3.94,
23,question,How long have you been part of the WordPress community?,15+ years,127,29.47,41.23,
23,question,How long have you been part of the WordPress community?,10-15 years,110,25.52,35.71,
23,question,How long have you been part of the WordPress community?,6-10 years,47,10.9,15.26,
23,question,How long have you been part of the WordPress community?,3-6 years,18,4.18,5.84,
23,question,How long have you been part of the WordPress community?,1-2 years,5,1.16,1.62,
23,question,How long have you been part of the WordPress community?,Less than 1 year,1,0.23,0.32,
24,question,Have you ever considered yourself a member of the WordPress community?,No,67,15.55,54.47,
24,question,Have you ever considered yourself a member of the WordPress community?,Yes,56,12.99,45.53,
25,question,How long were you a part of the WordPress community?,10-15 years,12,2.78,21.43,
25,question,How long were you a part of the WordPress community?,3-6 years,11,2.55,19.64,
25,question,How long were you a part of the WordPress community?,1-2 years,10,2.32,17.86,
25,question,How long were you a part of the WordPress community?,6-10 years,9,2.09,16.07,
25,question,How long were you a part of the WordPress community?,15+ years,8,1.86,14.29,
25,question,How long were you a part of the WordPress community?,Less than 1 year,6,1.39,10.71,
26,free text,Why do you not consider yourself to be a member of the WordPress community?,(free text - not published),24,5.57,,
27,free text,Why do you no longer consider yourself to be a member of the WordPress community?,(free text - not published),41,9.51,,
28,question,"Right now, how do you feel overall about the WordPress open source project?",Neutral / Unsure,126,29.23,29.23,
28,question,"Right now, how do you feel overall about the WordPress open source project?",Positive,121,28.07,28.07,
28,question,"Right now, how do you feel overall about the WordPress open source project?",Negative,111,25.75,25.75,
28,question,"Right now, how do you feel overall about the WordPress open source project?",Very negative,53,12.3,12.3,
28,question,"Right now, how do you feel overall about the WordPress open source project?",Very positive,20,4.64,4.64,
29,question,Has your sentiment toward the WordPress open source project changed over the past 24 months?,Yes,333,77.26,77.26,
29,question,Has your sentiment toward the WordPress open source project changed over the past 24 months?,No,98,22.74,22.74,
30,question,How has your sentiment toward the WordPress open source project changed over the past 24 months?,I feel more negatively about the WordPress open source project than I did 24 months ago,331,76.8,92.98,
30,question,How has your sentiment toward the WordPress open source project changed over the past 24 months?,I feel more positively about the WordPress open source project than I did 24 months ago,25,5.8,7.02,
31,question,How do you feel about the future of the WordPress open source project?,Neutral / Unsure,158,36.66,36.66,
31,question,How do you feel about the future of the WordPress open source project?,Negative,121,28.07,28.07,
31,question,How do you feel about the future of the WordPress open source project?,Positive,83,19.26,19.26,
31,question,How do you feel about the future of the WordPress open source project?,Very negative,47,10.9,10.9,
31,question,How do you feel about the future of the WordPress open source project?,Very positive,22,5.1,5.1,
32,free text,What is supporting your positive feelings about the future of the WordPress open source project?,(free text - not published),54,12.53,,
33,free text,What is affecting your negative feelings about the future of the WordPress open source project?,(free text - not published),133,30.86,,
34,matrix row,How important are each of the following aspects of the WordPress open source project to you? (WordPress open source software required),Very Important,282,65.43,65.43,
34,matrix row,How important are each of the following aspects of the WordPress open source project to you? (WordPress open source software required),Important,123,28.54,28.54,
34,matrix row,How important are each of the following aspects of the WordPress open source project to you? (WordPress open source software required),Neutral,20,4.64,4.64,
34,matrix row,How important are each of the following aspects of the WordPress open source project to you? (WordPress open source software required),Somewhat unimportant,4,0.93,0.93,
34,matrix row,How important are each of the following aspects of the WordPress open source project to you? (WordPress open source software required),Not Important,2,0.46,0.46,
34,matrix row,How important are each of the following aspects of the WordPress open source project to you? (The WordPress community required),Very Important,180,41.76,41.76,
34,matrix row,How important are each of the following aspects of the WordPress open source project to you? (The WordPress community required),Important,166,38.52,38.52,
34,matrix row,How important are each of the following aspects of the WordPress open source project to you? (The WordPress community required),Neutral,55,12.76,12.76,
34,matrix row,How important are each of the following aspects of the WordPress open source project to you? (The WordPress community required),Somewhat unimportant,20,4.64,4.64,
34,matrix row,How important are each of the following aspects of the WordPress open source project to you? (The WordPress community required),Not Important,10,2.32,2.32,
34,matrix row,How important are each of the following aspects of the WordPress open source project to you? (WordPress events and meetups required),Important,132,30.63,30.63,
34,matrix row,How important are each of the following aspects of the WordPress open source project to you? (WordPress events and meetups required),Neutral,100,23.2,23.2,
34,matrix row,How important are each of the following aspects of the WordPress open source project to you? (WordPress events and meetups required),Very Important,84,19.49,19.49,
34,matrix row,How important are each of the following aspects of the WordPress open source project to you? (WordPress events and meetups required),Not Important,74,17.17,17.17,
34,matrix row,How important are each of the following aspects of the WordPress open source project to you? (WordPress events and meetups required),Somewhat unimportant,41,9.51,9.51,
34,matrix row,How important are each of the following aspects of the WordPress open source project to you? (Contributing to WordPress required),Neutral,153,35.5,35.5,
34,matrix row,How important are each of the following aspects of the WordPress open source project to you? (Contributing to WordPress required),Important,137,31.79,31.79,
34,matrix row,How important are each of the following aspects of the WordPress open source project to you? (Contributing to WordPress required),Very Important,60,13.92,13.92,
34,matrix row,How important are each of the following aspects of the WordPress open source project to you? (Contributing to WordPress required),Not Important,44,10.21,10.21,
34,matrix row,How important are each of the following aspects of the WordPress open source project to you? (Contributing to WordPress required),Somewhat unimportant,37,8.58,8.58,
34,matrix row,How important are each of the following aspects of the WordPress open source project to you? (Open source values required),Very Important,267,61.95,61.95,
34,matrix row,How important are each of the following aspects of the WordPress open source project to you? (Open source values required),Important,124,28.77,28.77,
34,matrix row,How important are each of the following aspects of the WordPress open source project to you? (Open source values required),Neutral,29,6.73,6.73,
34,matrix row,How important are each of the following aspects of the WordPress open source project to you? (Open source values required),Not Important,8,1.86,1.86,
34,matrix row,How important are each of the following aspects of the WordPress open source project to you? (Open source values required),Somewhat unimportant,3,0.7,0.7,
34,matrix row,How important are each of the following aspects of the WordPress open source project to you? (AI in WordPress required),Not Important,181,42.0,42.0,
34,matrix row,How important are each of the following aspects of the WordPress open source project to you? (AI in WordPress required),Neutral,79,18.33,18.33,
34,matrix row,How important are each of the following aspects of the WordPress open source project to you? (AI in WordPress required),Important,70,16.24,16.24,
34,matrix row,How important are each of the following aspects of the WordPress open source project to you? (AI in WordPress required),Very Important,55,12.76,12.76,
34,matrix row,How important are each of the following aspects of the WordPress open source project to you? (AI in WordPress required),Somewhat unimportant,46,10.67,10.67,
34,matrix row,How important are each of the following aspects of the WordPress open source project to you? (Security in WordPress required),Very Important,326,75.64,75.64,
34,matrix row,How important are each of the following aspects of the WordPress open source project to you? (Security in WordPress required),Important,84,19.49,19.49,
34,matrix row,How important are each of the following aspects of the WordPress open source project to you? (Security in WordPress required),Neutral,15,3.48,3.48,
34,matrix row,How important are each of the following aspects of the WordPress open source project to you? (Security in WordPress required),Not Important,5,1.16,1.16,
34,matrix row,How important are each of the following aspects of the WordPress open source project to you? (Security in WordPress required),Somewhat unimportant,1,0.23,0.23,
34,matrix row,How important are each of the following aspects of the WordPress open source project to you? (Web standards and compliance required),Very Important,284,65.89,65.89,
34,matrix row,How important are each of the following aspects of the WordPress open source project to you? (Web standards and compliance required),Important,120,27.84,27.84,
34,matrix row,How important are each of the following aspects of the WordPress open source project to you? (Web standards and compliance required),Neutral,20,4.64,4.64,
34,matrix row,How important are each of the following aspects of the WordPress open source project to you? (Web standards and compliance required),Not Important,5,1.16,1.16,
34,matrix row,How important are each of the following aspects of the WordPress open source project to you? (Web standards and compliance required),Somewhat unimportant,2,0.46,0.46,
34,matrix row,How important are each of the following aspects of the WordPress open source project to you? (WordPress leadership required),Very Important,187,43.39,43.39,
34,matrix row,How important are each of the following aspects of the WordPress open source project to you? (WordPress leadership required),Important,131,30.39,30.39,
34,matrix row,How important are each of the following aspects of the WordPress open source project to you? (WordPress leadership required),Neutral,78,18.1,18.1,
34,matrix row,How important are each of the following aspects of the WordPress open source project to you? (WordPress leadership required),Not Important,22,5.1,5.1,
34,matrix row,How important are each of the following aspects of the WordPress open source project to you? (WordPress leadership required),Somewhat unimportant,13,3.02,3.02,
34,matrix row,How important are each of the following aspects of the WordPress open source project to you? (WordPress governance required),Very Important,219,50.81,50.81,
34,matrix row,How important are each of the following aspects of the WordPress open source project to you? (WordPress governance required),Important,111,25.75,25.75,
34,matrix row,How important are each of the following aspects of the WordPress open source project to you? (WordPress governance required),Neutral,76,17.63,17.63,
34,matrix row,How important are each of the following aspects of the WordPress open source project to you? (WordPress governance required),Not Important,20,4.64,4.64,
34,matrix row,How important are each of the following aspects of the WordPress open source project to you? (WordPress governance required),Somewhat unimportant,5,1.16,1.16,
34,matrix row,"How important are each of the following aspects of the WordPress open source project to you? (Business issues (mergers & acquisitions, product ecosystem, private equity investment, etc.) required)",Neutral,142,32.95,32.95,
34,matrix row,"How important are each of the following aspects of the WordPress open source project to you? (Business issues (mergers & acquisitions, product ecosystem, private equity investment, etc.) required)",Important,125,29.0,29.0,
34,matrix row,"How important are each of the following aspects of the WordPress open source project to you? (Business issues (mergers & acquisitions, product ecosystem, private equity investment, etc.) required)",Not Important,64,14.85,14.85,
34,matrix row,"How important are each of the following aspects of the WordPress open source project to you? (Business issues (mergers & acquisitions, product ecosystem, private equity investment, etc.) required)",Very Important,54,12.53,12.53,
34,matrix row,"How important are each of the following aspects of the WordPress open source project to you? (Business issues (mergers & acquisitions, product ecosystem, private equity investment, etc.) required)",Somewhat unimportant,46,10.67,10.67,
34,matrix row,How important are each of the following aspects of the WordPress open source project to you? (Enterprise/scale issues required),Neutral,151,35.03,35.03,
34,matrix row,How important are each of the following aspects of the WordPress open source project to you? (Enterprise/scale issues required),Important,125,29.0,29.0,
34,matrix row,How important are each of the following aspects of the WordPress open source project to you? (Enterprise/scale issues required),Not Important,60,13.92,13.92,
34,matrix row,How important are each of the following aspects of the WordPress open source project to you? (Enterprise/scale issues required),Very Important,48,11.14,11.14,
34,matrix row,How important are each of the following aspects of the WordPress open source project to you? (Enterprise/scale issues required),Somewhat unimportant,47,10.9,10.9,
34,matrix row,How important are each of the following aspects of the WordPress open source project to you? (Collaboration with the greater open source ecosystem required),Important,180,41.76,41.76,
34,matrix row,How important are each of the following aspects of the WordPress open source project to you? (Collaboration with the greater open source ecosystem required),Very Important,112,25.99,25.99,
34,matrix row,How important are each of the following aspects of the WordPress open source project to you? (Collaboration with the greater open source ecosystem required),Neutral,101,23.43,23.43,
34,matrix row,How important are each of the following aspects of the WordPress open source project to you? (Collaboration with the greater open source ecosystem required),Somewhat unimportant,24,5.57,5.57,
34,matrix row,How important are each of the following aspects of the WordPress open source project to you? (Collaboration with the greater open source ecosystem required),Not Important,14,3.25,3.25,
35,free text,What other aspects of the WordPress open source project are important to you?,(free text - not published),96,22.27,,
36,question,How would you describe your current level of community participation in the WordPress open source project?,Occasional participation,144,33.41,33.41,
36,question,How would you describe your current level of community participation in the WordPress open source project?,Observational only,97,22.51,22.51,
36,question,How would you describe your current level of community participation in the WordPress open source project?,Moderately active participation,76,17.63,17.63,
36,question,How would you describe your current level of community participation in the WordPress open source project?,Very active participation,44,10.21,10.21,
36,question,How would you describe your current level of community participation in the WordPress open source project?,Inactive,35,8.12,8.12,
36,question,How would you describe your current level of community participation in the WordPress open source project?,Do not participate / Not applicable,35,8.12,8.12,
37,question,Has your level of community participation in the WordPress open source project changed in the last 24 months?,No change / About the same,199,46.17,46.17,
37,question,Has your level of community participation in the WordPress open source project changed in the last 24 months?,Decreased,94,21.81,21.81,
37,question,Has your level of community participation in the WordPress open source project changed in the last 24 months?,Significantly decreased,73,16.94,16.94,
37,question,Has your level of community participation in the WordPress open source project changed in the last 24 months?,Increased,48,11.14,11.14,
37,question,Has your level of community participation in the WordPress open source project changed in the last 24 months?,Significantly increased,17,3.94,3.94,
38,question,"When deciding to participate in the WordPress open source project, how important are each of the following to you? (Personal capacity)",Very Important,192,44.55,44.55,
38,question,"When deciding to participate in the WordPress open source project, how important are each of the following to you? (Personal capacity)",Important,165,38.28,38.28,
38,question,"When deciding to participate in the WordPress open source project, how important are each of the following to you? (Personal capacity)",Neutral,58,13.46,13.46,
38,question,"When deciding to participate in the WordPress open source project, how important are each of the following to you? (Personal capacity)",Somewhat unimportant,9,2.09,2.09,
38,question,"When deciding to participate in the WordPress open source project, how important are each of the following to you? (Personal capacity)",Not Important,7,1.62,1.62,
38,question,"When deciding to participate in the WordPress open source project, how important are each of the following to you? (Financial incentives/restraints)",Neutral,168,38.98,38.98,
38,question,"When deciding to participate in the WordPress open source project, how important are each of the following to you? (Financial incentives/restraints)",Important,94,21.81,21.81,
38,question,"When deciding to participate in the WordPress open source project, how important are each of the following to you? (Financial incentives/restraints)",Somewhat unimportant,62,14.39,14.39,
38,question,"When deciding to participate in the WordPress open source project, how important are each of the following to you? (Financial incentives/restraints)",Not Important,56,12.99,12.99,
38,question,"When deciding to participate in the WordPress open source project, how important are each of the following to you? (Financial incentives/restraints)",Very Important,51,11.83,11.83,
38,question,"When deciding to participate in the WordPress open source project, how important are each of the following to you? (Impact of my contributions to the project)",Neutral,163,37.82,37.82,
38,question,"When deciding to participate in the WordPress open source project, how important are each of the following to you? (Impact of my contributions to the project)",Important,151,35.03,35.03,
38,question,"When deciding to participate in the WordPress open source project, how important are each of the following to you? (Impact of my contributions to the project)",Very Important,55,12.76,12.76,
38,question,"When deciding to participate in the WordPress open source project, how important are each of the following to you? (Impact of my contributions to the project)",Somewhat unimportant,37,8.58,8.58,
38,question,"When deciding to participate in the WordPress open source project, how important are each of the following to you? (Impact of my contributions to the project)",Not Important,25,5.8,5.8,
38,question,"When deciding to participate in the WordPress open source project, how important are each of the following to you? (Impact of my participation on my professional or personal life)",Important,186,43.16,43.16,
38,question,"When deciding to participate in the WordPress open source project, how important are each of the following to you? (Impact of my participation on my professional or personal life)",Neutral,138,32.02,32.02,
38,question,"When deciding to participate in the WordPress open source project, how important are each of the following to you? (Impact of my participation on my professional or personal life)",Very Important,66,15.31,15.31,
38,question,"When deciding to participate in the WordPress open source project, how important are each of the following to you? (Impact of my participation on my professional or personal life)",Somewhat unimportant,23,5.34,5.34,
38,question,"When deciding to participate in the WordPress open source project, how important are each of the following to you? (Impact of my participation on my professional or personal life)",Not Important,18,4.18,4.18,
38,question,"When deciding to participate in the WordPress open source project, how important are each of the following to you? (Understanding how to participate)",Important,187,43.39,43.39,
38,question,"When deciding to participate in the WordPress open source project, how important are each of the following to you? (Understanding how to participate)",Neutral,128,29.7,29.7,
38,question,"When deciding to participate in the WordPress open source project, how important are each of the following to you? (Understanding how to participate)",Very Important,70,16.24,16.24,
38,question,"When deciding to participate in the WordPress open source project, how important are each of the following to you? (Understanding how to participate)",Not Important,26,6.03,6.03,
38,question,"When deciding to participate in the WordPress open source project, how important are each of the following to you? (Understanding how to participate)",Somewhat unimportant,20,4.64,4.64,
38,question,"When deciding to participate in the WordPress open source project, how important are each of the following to you? (Mentorship or guidance)",Neutral,184,42.69,42.69,
38,question,"When deciding to participate in the WordPress open source project, how important are each of the following to you? (Mentorship or guidance)",Important,112,25.99,25.99,
38,question,"When deciding to participate in the WordPress open source project, how important are each of the following to you? (Mentorship or guidance)",Somewhat unimportant,63,14.62,14.62,
38,question,"When deciding to participate in the WordPress open source project, how important are each of the following to you? (Mentorship or guidance)",Not Important,40,9.28,9.28,
38,question,"When deciding to participate in the WordPress open source project, how important are each of the following to you? (Mentorship or guidance)",Very Important,32,7.42,7.42,
38,question,"When deciding to participate in the WordPress open source project, how important are each of the following to you? (Project roadmap)",Important,162,37.59,37.59,
38,question,"When deciding to participate in the WordPress open source project, how important are each of the following to you? (Project roadmap)",Neutral,134,31.09,31.09,
38,question,"When deciding to participate in the WordPress open source project, how important are each of the following to you? (Project roadmap)",Very Important,61,14.15,14.15,
38,question,"When deciding to participate in the WordPress open source project, how important are each of the following to you? (Project roadmap)",Somewhat unimportant,48,11.14,11.14,
38,question,"When deciding to participate in the WordPress open source project, how important are each of the following to you? (Project roadmap)",Not Important,26,6.03,6.03,
38,question,"When deciding to participate in the WordPress open source project, how important are each of the following to you? (Project leadership)",Important,149,34.57,34.57,
38,question,"When deciding to participate in the WordPress open source project, how important are each of the following to you? (Project leadership)",Very Important,141,32.71,32.71,
38,question,"When deciding to participate in the WordPress open source project, how important are each of the following to you? (Project leadership)",Neutral,87,20.19,20.19,
38,question,"When deciding to participate in the WordPress open source project, how important are each of the following to you? (Project leadership)",Somewhat unimportant,33,7.66,7.66,
38,question,"When deciding to participate in the WordPress open source project, how important are each of the following to you? (Project leadership)",Not Important,21,4.87,4.87,
38,matrix row,"When deciding to participate in the WordPress open source project, how important are each of the following to you? (Project governance/policies required)",Important,145,33.64,33.64,
38,matrix row,"When deciding to participate in the WordPress open source project, how important are each of the following to you? (Project governance/policies required)",Very Important,141,32.71,32.71,
38,matrix row,"When deciding to participate in the WordPress open source project, how important are each of the following to you? (Project governance/policies required)",Neutral,100,23.2,23.2,
38,matrix row,"When deciding to participate in the WordPress open source project, how important are each of the following to you? (Project governance/policies required)",Somewhat unimportant,29,6.73,6.73,
38,matrix row,"When deciding to participate in the WordPress open source project, how important are each of the following to you? (Project governance/policies required)",Not Important,16,3.71,3.71,
38,matrix row,"When deciding to participate in the WordPress open source project, how important are each of the following to you? (Advocacy on behalf of web standards (accessibility, privacy, etc.) required)",Important,181,42.0,42.0,
38,matrix row,"When deciding to participate in the WordPress open source project, how important are each of the following to you? (Advocacy on behalf of web standards (accessibility, privacy, etc.) required)",Very Important,145,33.64,33.64,
38,matrix row,"When deciding to participate in the WordPress open source project, how important are each of the following to you? (Advocacy on behalf of web standards (accessibility, privacy, etc.) required)",Neutral,72,16.71,16.71,
38,matrix row,"When deciding to participate in the WordPress open source project, how important are each of the following to you? (Advocacy on behalf of web standards (accessibility, privacy, etc.) required)",Somewhat unimportant,23,5.34,5.34,
38,matrix row,"When deciding to participate in the WordPress open source project, how important are each of the following to you? (Advocacy on behalf of web standards (accessibility, privacy, etc.) required)",Not Important,10,2.32,2.32,
38,matrix row,"When deciding to participate in the WordPress open source project, how important are each of the following to you? (Participation in the WordPress community required)",Important,164,38.05,38.05,
38,matrix row,"When deciding to participate in the WordPress open source project, how important are each of the following to you? (Participation in the WordPress community required)",Neutral,158,36.66,36.66,
38,matrix row,"When deciding to participate in the WordPress open source project, how important are each of the following to you? (Participation in the WordPress community required)",Very Important,66,15.31,15.31,
38,matrix row,"When deciding to participate in the WordPress open source project, how important are each of the following to you? (Participation in the WordPress community required)",Not Important,27,6.26,6.26,
38,matrix row,"When deciding to participate in the WordPress open source project, how important are each of the following to you? (Participation in the WordPress community required)",Somewhat unimportant,16,3.71,3.71,
38,matrix row,"When deciding to participate in the WordPress open source project, how important are each of the following to you? (Feeling welcome/included required)",Very Important,169,39.21,39.21,
38,matrix row,"When deciding to participate in the WordPress open source project, how important are each of the following to you? (Feeling welcome/included required)",Important,160,37.12,37.12,
38,matrix row,"When deciding to participate in the WordPress open source project, how important are each of the following to you? (Feeling welcome/included required)",Neutral,77,17.87,17.87,
38,matrix row,"When deciding to participate in the WordPress open source project, how important are each of the following to you? (Feeling welcome/included required)",Not Important,15,3.48,3.48,
38,matrix row,"When deciding to participate in the WordPress open source project, how important are each of the following to you? (Feeling welcome/included required)",Somewhat unimportant,10,2.32,2.32,
38,matrix row,"When deciding to participate in the WordPress open source project, how important are each of the following to you? (Participating in a language other than English required)",Neutral,151,35.03,35.03,
38,matrix row,"When deciding to participate in the WordPress open source project, how important are each of the following to you? (Participating in a language other than English required)",Not Important,149,34.57,34.57,
38,matrix row,"When deciding to participate in the WordPress open source project, how important are each of the following to you? (Participating in a language other than English required)",Important,58,13.46,13.46,
38,matrix row,"When deciding to participate in the WordPress open source project, how important are each of the following to you? (Participating in a language other than English required)",Somewhat unimportant,46,10.67,10.67,
38,matrix row,"When deciding to participate in the WordPress open source project, how important are each of the following to you? (Participating in a language other than English required)",Very Important,27,6.26,6.26,
38,matrix row,"When deciding to participate in the WordPress open source project, how important are each of the following to you? (Working asynchronously required)",Neutral,142,32.95,32.95,
38,matrix row,"When deciding to participate in the WordPress open source project, how important are each of the following to you? (Working asynchronously required)",Important,135,31.32,31.32,
38,matrix row,"When deciding to participate in the WordPress open source project, how important are each of the following to you? (Working asynchronously required)",Very Important,104,24.13,24.13,
38,matrix row,"When deciding to participate in the WordPress open source project, how important are each of the following to you? (Working asynchronously required)",Not Important,31,7.19,7.19,
38,matrix row,"When deciding to participate in the WordPress open source project, how important are each of the following to you? (Working asynchronously required)",Somewhat unimportant,19,4.41,4.41,
39,free text,What other factors are important to you when deciding how to participate in the WordPress open source project?,(free text - not published),61,14.15,,
40,free text,Have you ever sought or received help from others in the WordPress community related to participating or contributing?,(free text - not published),431,100.0,,
40,option,I asked for help in a public forum and received a useful response,I asked for help in a public forum and received a useful response,253,58.7,100.0,
40,option,I reached out directly to someone I know in the community and they helped me,I reached out directly to someone I know in the community and they helped me,217,50.35,100.0,
40,option,I found help through community documentation /guides / onboarding resources,I found help through community documentation /guides / onboarding resources,289,67.05,100.0,
40,option,I sought help but did not receive a useful response,I sought help but did not receive a useful response,60,13.92,100.0,
40,option,I wanted help but didn't feel comfortable asking,I wanted help but didn't feel comfortable asking,36,8.35,100.0,
40,option,I have not needed to seek this type of help,I have not needed to seek this type of help,82,19.03,100.0,
9,option,Other (please describe) (4),Other (please describe),8,1.86,100.0,
42,question,What made you uncomfortable asking for help?,(never displayed - see note),0,0.0,,conditional routing fault - see LIMITATIONS 5a
41,free text,What type of help have you sought or received from others in the WordPress community related to participating or contributing?,(free text - not published),8,1.86,,
42,option,I didn't know who to ask,(never displayed - see note),0,0.0,,conditional routing fault - see LIMITATIONS 5a
42,option,I was concerned about how my question would be received,(never displayed - see note),0,0.0,,conditional routing fault - see LIMITATIONS 5a
42,option,I had experienced or witnessed negative interactions before,(never displayed - see note),0,0.0,,conditional routing fault - see LIMITATIONS 5a
42,option,I felt like an outsider or newcomer,(never displayed - see note),0,0.0,,conditional routing fault - see LIMITATIONS 5a
9,option,Other (please describe) (5),(no respondent selected this option),0,0.0,,question was displayed; no one chose it
43,question,What else made you uncomfortable asking for help?,(never displayed - see note),0,0.0,,conditional routing fault - see LIMITATIONS 5a
44,question,Have you personally experienced any of the following when contributing to the WordPress community?,(never displayed - see note),0,0.0,,conditional routing fault - see LIMITATIONS 5a
44,option,"Lack of response to my contributions, questions, or requests for help",(never displayed - see note),0,0.0,,conditional routing fault - see LIMITATIONS 5a
44,option,Contributions or ideas rejected without explanation,(never displayed - see note),0,0.0,,conditional routing fault - see LIMITATIONS 5a
44,option,Dismissive or condescending responses to my contributions or questions,(never displayed - see note),0,0.0,,conditional routing fault - see LIMITATIONS 5a
44,option,"Unclear, incomplete, or unwelcoming documentation or onboarding",(never displayed - see note),0,0.0,,conditional routing fault - see LIMITATIONS 5a
44,option,Difficulty finding where or how to get started,(never displayed - see note),0,0.0,,conditional routing fault - see LIMITATIONS 5a
44,option,I have not encountered any of the above,(never displayed - see note),0,0.0,,conditional routing fault - see LIMITATIONS 5a
9,option,Other (please describe) (6),(no respondent selected this option),0,0.0,,question was displayed; no one chose it
45,question,What issues have you personally encountered when contributing to the WordPress community?,(never displayed - see note),0,0.0,,conditional routing fault - see LIMITATIONS 5a
46,matrix row,Have you personally experienced or witnessed any of the following issues in the WordPress community? (Hostility or rudeness required),Have not experienced/witnessed,162,37.59,37.59,
46,matrix row,Have you personally experienced or witnessed any of the following issues in the WordPress community? (Hostility or rudeness required),Others,151,35.03,35.03,
46,matrix row,Have you personally experienced or witnessed any of the following issues in the WordPress community? (Hostility or rudeness required),Both myself and others,100,23.2,23.2,
46,matrix row,Have you personally experienced or witnessed any of the following issues in the WordPress community? (Hostility or rudeness required),Myself,18,4.18,4.18,
46,matrix row,Have you personally experienced or witnessed any of the following issues in the WordPress community? (Dismissive or condescending responses to contributions or questions required),Others,153,35.5,35.5,
46,matrix row,Have you personally experienced or witnessed any of the following issues in the WordPress community? (Dismissive or condescending responses to contributions or questions required),Have not experienced/witnessed,141,32.71,32.71,
46,matrix row,Have you personally experienced or witnessed any of the following issues in the WordPress community? (Dismissive or condescending responses to contributions or questions required),Both myself and others,108,25.06,25.06,
46,matrix row,Have you personally experienced or witnessed any of the following issues in the WordPress community? (Dismissive or condescending responses to contributions or questions required),Myself,29,6.73,6.73,
46,matrix row,Have you personally experienced or witnessed any of the following issues in the WordPress community? (Name-calling or personal attacks required),Have not experienced/witnessed,213,49.42,49.42,
46,matrix row,Have you personally experienced or witnessed any of the following issues in the WordPress community? (Name-calling or personal attacks required),Others,160,37.12,37.12,
46,matrix row,Have you personally experienced or witnessed any of the following issues in the WordPress community? (Name-calling or personal attacks required),Both myself and others,43,9.98,9.98,
46,matrix row,Have you personally experienced or witnessed any of the following issues in the WordPress community? (Name-calling or personal attacks required),Myself,15,3.48,3.48,
46,matrix row,Have you personally experienced or witnessed any of the following issues in the WordPress community? (Harassment or targeted negative behavior required),Have not experienced/witnessed,209,48.49,48.49,
46,matrix row,Have you personally experienced or witnessed any of the following issues in the WordPress community? (Harassment or targeted negative behavior required),Others,162,37.59,37.59,
46,matrix row,Have you personally experienced or witnessed any of the following issues in the WordPress community? (Harassment or targeted negative behavior required),Both myself and others,47,10.9,10.9,
46,matrix row,Have you personally experienced or witnessed any of the following issues in the WordPress community? (Harassment or targeted negative behavior required),Myself,13,3.02,3.02,
46,matrix row,Have you personally experienced or witnessed any of the following issues in the WordPress community? (Conflict or ongoing interpersonal tension between community members required),Others,219,50.81,50.81,
46,matrix row,Have you personally experienced or witnessed any of the following issues in the WordPress community? (Conflict or ongoing interpersonal tension between community members required),Have not experienced/witnessed,137,31.79,31.79,
46,matrix row,Have you personally experienced or witnessed any of the following issues in the WordPress community? (Conflict or ongoing interpersonal tension between community members required),Both myself and others,57,13.23,13.23,
46,matrix row,Have you personally experienced or witnessed any of the following issues in the WordPress community? (Conflict or ongoing interpersonal tension between community members required),Myself,18,4.18,4.18,
46,matrix row,Have you personally experienced or witnessed any of the following issues in the WordPress community? (Language or content that made me or others feel unwelcome or excluded required),Have not experienced/witnessed,218,50.58,50.58,
46,matrix row,Have you personally experienced or witnessed any of the following issues in the WordPress community? (Language or content that made me or others feel unwelcome or excluded required),Others,115,26.68,26.68,
46,matrix row,Have you personally experienced or witnessed any of the following issues in the WordPress community? (Language or content that made me or others feel unwelcome or excluded required),Both myself and others,78,18.1,18.1,
46,matrix row,Have you personally experienced or witnessed any of the following issues in the WordPress community? (Language or content that made me or others feel unwelcome or excluded required),Myself,20,4.64,4.64,
46,matrix row,Have you personally experienced or witnessed any of the following issues in the WordPress community? (Problems with project leadership or governance required),Others,155,35.96,35.96,
46,matrix row,Have you personally experienced or witnessed any of the following issues in the WordPress community? (Problems with project leadership or governance required),Both myself and others,134,31.09,31.09,
46,matrix row,Have you personally experienced or witnessed any of the following issues in the WordPress community? (Problems with project leadership or governance required),Have not experienced/witnessed,115,26.68,26.68,
46,matrix row,Have you personally experienced or witnessed any of the following issues in the WordPress community? (Problems with project leadership or governance required),Myself,27,6.26,6.26,
9,matrix row,Have you personally experienced or witnessed any of the following issues in the WordPress community? (Other (please describe) required),Have not experienced/witnessed,370,85.85,85.85,
9,matrix row,Have you personally experienced or witnessed any of the following issues in the WordPress community? (Other (please describe) required),Others,34,7.89,7.89,
9,matrix row,Have you personally experienced or witnessed any of the following issues in the WordPress community? (Other (please describe) required),Both myself and others,14,3.25,3.25,
9,matrix row,Have you personally experienced or witnessed any of the following issues in the WordPress community? (Other (please describe) required),Myself,13,3.02,3.02,
47,free text,What other issues have you personally experienced or witnessed in the WordPress community?,(free text - not published),26,6.03,,
48,free text,"As a result of experiencing any of the above, are any of the following true for you?",(free text - not published),366,84.92,,
48,option,I stopped contributing to a project or team,I stopped contributing to a project or team,65,15.08,100.0,
48,option,I stepped back from community participation generally,I stepped back from community participation generally,136,31.55,100.0,
48,option,I moved my activity to other channels,I moved my activity to other channels,94,21.81,100.0,
48,option,I did not change my participation but it affected how I feel about my participation,I did not change my participation but it affected how I feel about my participation,107,24.83,100.0,
48,option,I filed a code of conduct report and it was resolved,I filed a code of conduct report and it was resolved,6,1.39,100.0,
48,option,I filed a code of conduct report and it was not resolved,I filed a code of conduct report and it was not resolved,14,3.25,100.0,
48,option,It did not change my participation,It did not change my participation,94,21.81,100.0,
9,option,Other (please describe) (7),Other (please describe),28,6.5,100.0,
49,free text,How did your experience above affect how you participate in the WordPress community?,(free text - not published),28,6.5,,
50,question,Attending in-person WordPress-related events is important to me.,Agree,109,25.29,25.29,
50,question,Attending in-person WordPress-related events is important to me.,Strongly agree,92,21.35,21.35,
50,question,Attending in-person WordPress-related events is important to me.,Strongly disagree,84,19.49,19.49,
50,question,Attending in-person WordPress-related events is important to me.,Neutral,78,18.1,18.1,
50,question,Attending in-person WordPress-related events is important to me.,Disagree,68,15.78,15.78,
51,question,Which best describes your participation in official WordPress open source project events (such as WordCamps and Meetups)?,I have not attended any WordPress events and I'm not interested in attending,120,27.84,27.84,
51,question,Which best describes your participation in official WordPress open source project events (such as WordCamps and Meetups)?,I used to participate in WordPress events but I no longer do,94,21.81,21.81,
51,question,Which best describes your participation in official WordPress open source project events (such as WordCamps and Meetups)?,I participate in WordPress events multiple times per year,91,21.11,21.11,
51,question,Which best describes your participation in official WordPress open source project events (such as WordCamps and Meetups)?,I participate in WordPress events annually or occasionally,90,20.88,20.88,
51,question,Which best describes your participation in official WordPress open source project events (such as WordCamps and Meetups)?,I have not attended any WordPress events but I'd like to or am planning to,28,6.5,6.5,
51,question,Which best describes your participation in official WordPress open source project events (such as WordCamps and Meetups)?,Other (please describe),8,1.86,1.86,
52,free text,Describe your participation in official WordPress open source project events:,(free text - not published),136,31.55,,
53,question,"Which best describes your participation in unofficial, WordPress-adjacent in-person events (such as PressConf or LoopConf)?",I have not attended any WordPress-adjacent in-person events and I'm not interested in attending,180,41.76,41.76,
53,question,"Which best describes your participation in unofficial, WordPress-adjacent in-person events (such as PressConf or LoopConf)?",I have not attended any WordPress-adjacent in-person events but I'd like to or am planning to,90,20.88,20.88,
53,question,"Which best describes your participation in unofficial, WordPress-adjacent in-person events (such as PressConf or LoopConf)?",I participate in WordPress-adjacent in-person events annually or occasionally.,76,17.63,17.63,
53,question,"Which best describes your participation in unofficial, WordPress-adjacent in-person events (such as PressConf or LoopConf)?","I used to participate in WordPress-adjacent in-person events, but I no longer do",51,11.83,11.83,
53,question,"Which best describes your participation in unofficial, WordPress-adjacent in-person events (such as PressConf or LoopConf)?",I participate in WordPress-adjacent in-person events multiple times per year,25,5.8,5.8,
53,question,"Which best describes your participation in unofficial, WordPress-adjacent in-person events (such as PressConf or LoopConf)?",Other (please describe),9,2.09,2.09,
54,free text,"Describe your participation in unofficial, WordPress-adjacent in-person events:",(free text - not published),4,0.93,,
55,question,Have you attended any other open source or tech-related in-person conferences or events in the past 24 months?,No,251,58.24,58.24,
55,question,Have you attended any other open source or tech-related in-person conferences or events in the past 24 months?,Yes,180,41.76,41.76,
56,free text,What other open source or tech-related in-person conferences or events have you attended?,(free text - not published),90,20.88,,
57,matrix row,"When deciding to attend in-person conferences or events, how important are each of the following to you? (A location local to you required)",Important,164,38.05,38.05,
57,matrix row,"When deciding to attend in-person conferences or events, how important are each of the following to you? (A location local to you required)",Very Important,120,27.84,27.84,
57,matrix row,"When deciding to attend in-person conferences or events, how important are each of the following to you? (A location local to you required)",Neutral,87,20.19,20.19,
57,matrix row,"When deciding to attend in-person conferences or events, how important are each of the following to you? (A location local to you required)",Somewhat unimportant,32,7.42,7.42,
57,matrix row,"When deciding to attend in-person conferences or events, how important are each of the following to you? (A location local to you required)",Not Important,28,6.5,6.5,
57,matrix row,"When deciding to attend in-person conferences or events, how important are each of the following to you? (A regional/destination location required)",Important,174,40.37,40.37,
57,matrix row,"When deciding to attend in-person conferences or events, how important are each of the following to you? (A regional/destination location required)",Neutral,125,29.0,29.0,
57,matrix row,"When deciding to attend in-person conferences or events, how important are each of the following to you? (A regional/destination location required)",Very Important,60,13.92,13.92,
57,matrix row,"When deciding to attend in-person conferences or events, how important are each of the following to you? (A regional/destination location required)",Not Important,43,9.98,9.98,
57,matrix row,"When deciding to attend in-person conferences or events, how important are each of the following to you? (A regional/destination location required)",Somewhat unimportant,29,6.73,6.73,
57,matrix row,"When deciding to attend in-person conferences or events, how important are each of the following to you? (Events with smaller attendance required)",Neutral,216,50.12,50.12,
57,matrix row,"When deciding to attend in-person conferences or events, how important are each of the following to you? (Events with smaller attendance required)",Important,91,21.11,21.11,
57,matrix row,"When deciding to attend in-person conferences or events, how important are each of the following to you? (Events with smaller attendance required)",Not Important,57,13.23,13.23,
57,matrix row,"When deciding to attend in-person conferences or events, how important are each of the following to you? (Events with smaller attendance required)",Somewhat unimportant,50,11.6,11.6,
57,matrix row,"When deciding to attend in-person conferences or events, how important are each of the following to you? (Events with smaller attendance required)",Very Important,17,3.94,3.94,
57,matrix row,"When deciding to attend in-person conferences or events, how important are each of the following to you? (Events with larger attendance required)",Neutral,222,51.51,51.51,
57,matrix row,"When deciding to attend in-person conferences or events, how important are each of the following to you? (Events with larger attendance required)",Not Important,69,16.01,16.01,
57,matrix row,"When deciding to attend in-person conferences or events, how important are each of the following to you? (Events with larger attendance required)",Somewhat unimportant,67,15.55,15.55,
57,matrix row,"When deciding to attend in-person conferences or events, how important are each of the following to you? (Events with larger attendance required)",Important,61,14.15,14.15,
57,matrix row,"When deciding to attend in-person conferences or events, how important are each of the following to you? (Events with larger attendance required)",Very Important,12,2.78,2.78,
57,matrix row,"When deciding to attend in-person conferences or events, how important are each of the following to you? (Hard skill development (technical instruction, workshops, etc.) required)",Important,177,41.07,41.07,
57,matrix row,"When deciding to attend in-person conferences or events, how important are each of the following to you? (Hard skill development (technical instruction, workshops, etc.) required)",Neutral,125,29.0,29.0,
57,matrix row,"When deciding to attend in-person conferences or events, how important are each of the following to you? (Hard skill development (technical instruction, workshops, etc.) required)",Very Important,51,11.83,11.83,
57,matrix row,"When deciding to attend in-person conferences or events, how important are each of the following to you? (Hard skill development (technical instruction, workshops, etc.) required)",Not Important,42,9.74,9.74,
57,matrix row,"When deciding to attend in-person conferences or events, how important are each of the following to you? (Hard skill development (technical instruction, workshops, etc.) required)",Somewhat unimportant,36,8.35,8.35,
57,matrix row,"When deciding to attend in-person conferences or events, how important are each of the following to you? (Soft skill development (business development, personal development, etc.) required)",Neutral,158,36.66,36.66,
57,matrix row,"When deciding to attend in-person conferences or events, how important are each of the following to you? (Soft skill development (business development, personal development, etc.) required)",Important,137,31.79,31.79,
57,matrix row,"When deciding to attend in-person conferences or events, how important are each of the following to you? (Soft skill development (business development, personal development, etc.) required)",Not Important,54,12.53,12.53,
57,matrix row,"When deciding to attend in-person conferences or events, how important are each of the following to you? (Soft skill development (business development, personal development, etc.) required)",Somewhat unimportant,53,12.3,12.3,
57,matrix row,"When deciding to attend in-person conferences or events, how important are each of the following to you? (Soft skill development (business development, personal development, etc.) required)",Very Important,29,6.73,6.73,
57,matrix row,"When deciding to attend in-person conferences or events, how important are each of the following to you? (Topics of sessions / panels required)",Important,210,48.72,48.72,
57,matrix row,"When deciding to attend in-person conferences or events, how important are each of the following to you? (Topics of sessions / panels required)",Neutral,93,21.58,21.58,
57,matrix row,"When deciding to attend in-person conferences or events, how important are each of the following to you? (Topics of sessions / panels required)",Very Important,80,18.56,18.56,
57,matrix row,"When deciding to attend in-person conferences or events, how important are each of the following to you? (Topics of sessions / panels required)",Not Important,26,6.03,6.03,
57,matrix row,"When deciding to attend in-person conferences or events, how important are each of the following to you? (Topics of sessions / panels required)",Somewhat unimportant,22,5.1,5.1,
57,matrix row,"When deciding to attend in-person conferences or events, how important are each of the following to you? (Particular speakers / keynotes required)",Neutral,170,39.44,39.44,
57,matrix row,"When deciding to attend in-person conferences or events, how important are each of the following to you? (Particular speakers / keynotes required)",Important,134,31.09,31.09,
57,matrix row,"When deciding to attend in-person conferences or events, how important are each of the following to you? (Particular speakers / keynotes required)",Somewhat unimportant,48,11.14,11.14,
57,matrix row,"When deciding to attend in-person conferences or events, how important are each of the following to you? (Particular speakers / keynotes required)",Not Important,46,10.67,10.67,
57,matrix row,"When deciding to attend in-person conferences or events, how important are each of the following to you? (Particular speakers / keynotes required)",Very Important,33,7.66,7.66,
57,matrix row,"When deciding to attend in-person conferences or events, how important are each of the following to you? (Meeting professional development requirements required)",Neutral,169,39.21,39.21,
57,matrix row,"When deciding to attend in-person conferences or events, how important are each of the following to you? (Meeting professional development requirements required)",Important,94,21.81,21.81,
57,matrix row,"When deciding to attend in-person conferences or events, how important are each of the following to you? (Meeting professional development requirements required)",Not Important,90,20.88,20.88,
57,matrix row,"When deciding to attend in-person conferences or events, how important are each of the following to you? (Meeting professional development requirements required)",Somewhat unimportant,48,11.14,11.14,
57,matrix row,"When deciding to attend in-person conferences or events, how important are each of the following to you? (Meeting professional development requirements required)",Very Important,30,6.96,6.96,
57,matrix row,"When deciding to attend in-person conferences or events, how important are each of the following to you? (Networking opportunities required)",Important,153,35.5,35.5,
57,matrix row,"When deciding to attend in-person conferences or events, how important are each of the following to you? (Networking opportunities required)",Neutral,109,25.29,25.29,
57,matrix row,"When deciding to attend in-person conferences or events, how important are each of the following to you? (Networking opportunities required)",Very Important,108,25.06,25.06,
57,matrix row,"When deciding to attend in-person conferences or events, how important are each of the following to you? (Networking opportunities required)",Somewhat unimportant,31,7.19,7.19,
57,matrix row,"When deciding to attend in-person conferences or events, how important are each of the following to you? (Networking opportunities required)",Not Important,30,6.96,6.96,
57,matrix row,"When deciding to attend in-person conferences or events, how important are each of the following to you? (Community development/engagement required)",Important,186,43.16,43.16,
57,matrix row,"When deciding to attend in-person conferences or events, how important are each of the following to you? (Community development/engagement required)",Neutral,115,26.68,26.68,
57,matrix row,"When deciding to attend in-person conferences or events, how important are each of the following to you? (Community development/engagement required)",Very Important,79,18.33,18.33,
57,matrix row,"When deciding to attend in-person conferences or events, how important are each of the following to you? (Community development/engagement required)",Not Important,29,6.73,6.73,
57,matrix row,"When deciding to attend in-person conferences or events, how important are each of the following to you? (Community development/engagement required)",Somewhat unimportant,22,5.1,5.1,
57,matrix row,"When deciding to attend in-person conferences or events, how important are each of the following to you? (Cost of ticket required)",Important,159,36.89,36.89,
57,matrix row,"When deciding to attend in-person conferences or events, how important are each of the following to you? (Cost of ticket required)",Neutral,112,25.99,25.99,
57,matrix row,"When deciding to attend in-person conferences or events, how important are each of the following to you? (Cost of ticket required)",Very Important,76,17.63,17.63,
57,matrix row,"When deciding to attend in-person conferences or events, how important are each of the following to you? (Cost of ticket required)",Somewhat unimportant,46,10.67,10.67,
57,matrix row,"When deciding to attend in-person conferences or events, how important are each of the following to you? (Cost of ticket required)",Not Important,38,8.82,8.82,
57,matrix row,"When deciding to attend in-person conferences or events, how important are each of the following to you? (Cost of attendance (travel, housing, etc.) required)",Important,164,38.05,38.05,
57,matrix row,"When deciding to attend in-person conferences or events, how important are each of the following to you? (Cost of attendance (travel, housing, etc.) required)",Very Important,148,34.34,34.34,
57,matrix row,"When deciding to attend in-person conferences or events, how important are each of the following to you? (Cost of attendance (travel, housing, etc.) required)",Neutral,70,16.24,16.24,
57,matrix row,"When deciding to attend in-person conferences or events, how important are each of the following to you? (Cost of attendance (travel, housing, etc.) required)",Somewhat unimportant,27,6.26,6.26,
57,matrix row,"When deciding to attend in-person conferences or events, how important are each of the following to you? (Cost of attendance (travel, housing, etc.) required)",Not Important,22,5.1,5.1,
58,free text,What else is important to you when deciding to attend in-person conferences or events?,(free text - not published),56,12.99,,
59,question,"Right now, how do you generally feel about open source software?",Positive,182,42.23,42.23,
59,question,"Right now, how do you generally feel about open source software?",Very positive,170,39.44,39.44,
59,question,"Right now, how do you generally feel about open source software?",Neutral / Unsure,62,14.39,14.39,
59,question,"Right now, how do you generally feel about open source software?",Negative,13,3.02,3.02,
59,question,"Right now, how do you generally feel about open source software?",Very negative,4,0.93,0.93,
60,question,Has your sentiment toward open source software changed over the past 24 months?,No,292,67.75,67.75,
60,question,Has your sentiment toward open source software changed over the past 24 months?,Yes,139,32.25,32.25,
61,question,How has your sentiment toward open source software changed over the past 24 months?,I feel more negatively about open source software than I did 24 months ago,103,23.9,74.1,
61,question,How has your sentiment toward open source software changed over the past 24 months?,I feel more positively about open source software than I did 24 months ago,36,8.35,25.9,
62,matrix row,How important are the following to you? (Open source software required),Very Important,293,67.98,67.98,
62,matrix row,How important are the following to you? (Open source software required),Important,110,25.52,25.52,
62,matrix row,How important are the following to you? (Open source software required),Neutral,23,5.34,5.34,
62,matrix row,How important are the following to you? (Open source software required),Not Important,4,0.93,0.93,
62,matrix row,How important are the following to you? (Open source software required),Somewhat unimportant,1,0.23,0.23,
62,matrix row,How important are the following to you? (Open source values (whatever that means to you)required),Very Important,277,64.27,64.27,
62,matrix row,How important are the following to you? (Open source values (whatever that means to you)required),Important,119,27.61,27.61,
62,matrix row,How important are the following to you? (Open source values (whatever that means to you)required),Neutral,21,4.87,4.87,
62,matrix row,How important are the following to you? (Open source values (whatever that means to you)required),Not Important,7,1.62,1.62,
62,matrix row,How important are the following to you? (Open source values (whatever that means to you)required),Somewhat unimportant,7,1.62,1.62,
62,matrix row,How important are the following to you? (The sustainability of open source projects required),Very Important,287,66.59,66.59,
62,matrix row,How important are the following to you? (The sustainability of open source projects required),Important,115,26.68,26.68,
62,matrix row,How important are the following to you? (The sustainability of open source projects required),Neutral,24,5.57,5.57,
62,matrix row,How important are the following to you? (The sustainability of open source projects required),Not Important,4,0.93,0.93,
62,matrix row,How important are the following to you? (The sustainability of open source projects required),Somewhat unimportant,1,0.23,0.23,
62,matrix row,How important are the following to you? (Open source in WordPress required),Very Important,272,63.11,63.11,
62,matrix row,How important are the following to you? (Open source in WordPress required),Important,125,29.0,29.0,
62,matrix row,How important are the following to you? (Open source in WordPress required),Neutral,22,5.1,5.1,
62,matrix row,How important are the following to you? (Open source in WordPress required),Not Important,8,1.86,1.86,
62,matrix row,How important are the following to you? (Open source in WordPress required),Somewhat unimportant,4,0.93,0.93,
62,matrix row,How important are the following to you? (Open source in AI required),Very Important,118,27.38,27.38,
62,matrix row,How important are the following to you? (Open source in AI required),Not Important,104,24.13,24.13,
62,matrix row,How important are the following to you? (Open source in AI required),Important,98,22.74,22.74,
62,matrix row,How important are the following to you? (Open source in AI required),Neutral,89,20.65,20.65,
62,matrix row,How important are the following to you? (Open source in AI required),Somewhat unimportant,22,5.1,5.1,
63,question,Do you contribute to open source projects other than the WordPress open source project?,Yes occasionally,151,35.03,35.03,
63,question,Do you contribute to open source projects other than the WordPress open source project?,No and I don't plan to,117,27.15,27.15,
63,question,Do you contribute to open source projects other than the WordPress open source project?,Yes regularly,77,17.87,17.87,
63,question,Do you contribute to open source projects other than the WordPress open source project?,I'd like to in the future,57,13.23,13.23,
63,question,Do you contribute to open source projects other than the WordPress open source project?,I used to but have stopped,29,6.73,6.73,
64,question,"Do you contribute to or volunteer for organizations, projects or causes other than WordPress or open source projects?",Yes regularly,127,29.47,29.47,
64,question,"Do you contribute to or volunteer for organizations, projects or causes other than WordPress or open source projects?",Yes occasionally,124,28.77,28.77,
64,question,"Do you contribute to or volunteer for organizations, projects or causes other than WordPress or open source projects?",No and I don't plan to,89,20.65,20.65,
64,question,"Do you contribute to or volunteer for organizations, projects or causes other than WordPress or open source projects?",I'd like to in the future,55,12.76,12.76,
64,question,"Do you contribute to or volunteer for organizations, projects or causes other than WordPress or open source projects?",I used to but have stopped,36,8.35,8.35,
65,question,Are you currently using AI in your work?,Yes,308,71.46,71.46,
65,question,Are you currently using AI in your work?,No,123,28.54,28.54,
66,question,Describe how you are using AI in your work:,(never displayed - see note),0,0.0,,conditional routing fault - see LIMITATIONS 5a
67,question,"Right now, how do you generally feel about AI in the tech industry?",Very negative,149,34.57,34.57,
67,question,"Right now, how do you generally feel about AI in the tech industry?",Neutral / Unsure,98,22.74,22.74,
67,question,"Right now, how do you generally feel about AI in the tech industry?",Positive,91,21.11,21.11,
67,question,"Right now, how do you generally feel about AI in the tech industry?",Negative,50,11.6,11.6,
67,question,"Right now, how do you generally feel about AI in the tech industry?",Very positive,43,9.98,9.98,
68,question,"Right now, how do you generally feel about AI in WordPress?",Very negative,157,36.43,36.43,
68,question,"Right now, how do you generally feel about AI in WordPress?",Neutral / Unsure,143,33.18,33.18,
68,question,"Right now, how do you generally feel about AI in WordPress?",Negative,58,13.46,13.46,
68,question,"Right now, how do you generally feel about AI in WordPress?",Positive,56,12.99,12.99,
68,question,"Right now, how do you generally feel about AI in WordPress?",Very positive,17,3.94,3.94,
69,question,"Right now, how do you generally feel about AI in web development (vibe coding, agentic development, etc.)?",Very negative,140,32.48,32.48,
69,question,"Right now, how do you generally feel about AI in web development (vibe coding, agentic development, etc.)?",Positive,95,22.04,22.04,
69,question,"Right now, how do you generally feel about AI in web development (vibe coding, agentic development, etc.)?",Neutral / Unsure,89,20.65,20.65,
69,question,"Right now, how do you generally feel about AI in web development (vibe coding, agentic development, etc.)?",Very positive,54,12.53,12.53,
69,question,"Right now, how do you generally feel about AI in web development (vibe coding, agentic development, etc.)?",Negative,53,12.3,12.3,
70,free text,How are you currently using AI in your work?,(free text - not published),308,71.46,,
70,option,Internal / external communications,Internal / external communications,157,36.43,100.0,
70,option,Writing / editing content,Writing / editing content,196,45.48,100.0,
70,option,Writing / reviewing code,Writing / reviewing code,241,55.92,100.0,
70,option,Design or image generation,Design or image generation,131,30.39,100.0,
70,option,Research or learning,Research or learning,241,55.92,100.0,
70,option,Project management,Project management,106,24.59,100.0,
70,option,Bespoke plugin/theme development for clients,Bespoke plugin/theme development for clients,92,21.35,100.0,
70,option,Bespoke plugin/theme development for yourself/your work,Bespoke plugin/theme development for yourself/your work,114,26.45,100.0,
70,option,Commercial product development -- plugins or themes,Commercial product development -- plugins or themes,77,17.87,100.0,
70,option,Internal / external communications (duplicate export column),Internal / external communications,157,36.43,100.0,unreliable export column - see LIMITATIONS 5b
70,option,Agentic site management / development (mixed export column),Agentic site management,44,10.21,58.67,unreliable export column - see LIMITATIONS 5b
70,option,Agentic site management / development (mixed export column),Agentic site development,31,7.19,41.33,unreliable export column - see LIMITATIONS 5b
70,option,Agentic site development (mislabeled 'Other' in export),Agentic site development,68,15.78,100.0,unreliable export column - see LIMITATIONS 5b
71,question,"With regard to AI's current impact on your work or income, which of the following are true for you?",AI has had a positive impact on my work or income,153,35.5,35.5,
71,question,"With regard to AI's current impact on your work or income, which of the following are true for you?",AI has not significantly impacted my work or income,141,32.71,32.71,
71,question,"With regard to AI's current impact on your work or income, which of the following are true for you?",AI has had a negative impact on my work or income,110,25.52,25.52,
71,question,"With regard to AI's current impact on your work or income, which of the following are true for you?",Other (please describe),27,6.26,6.26,
72,free text,"Describe how AI has impacted your income, job security, or client base:",(free text - not published),25,5.8,,
73,question,"With regard to AI's future impact on your work or income, which of the following are true for you?",AI will probably negatively impact my work or income in the future,203,47.1,47.1,
73,question,"With regard to AI's future impact on your work or income, which of the following are true for you?",AI will probably positively impact my work or income in the future,145,33.64,33.64,
73,question,"With regard to AI's future impact on your work or income, which of the following are true for you?",AI will probably not impact my work or income in the future,51,11.83,11.83,
73,question,"With regard to AI's future impact on your work or income, which of the following are true for you?",Other (please describe),32,7.42,7.42,
74,free text,How do you think AI will impact your work or income in the future?,(free text - not published),30,6.96,,
75,free text,"Is there anything else you'd like to share about how you're feeling about WordPress, the community, open source, or the greater tech industry?",(free text - not published),134,31.09,,
76,question,May we publicly cite and/or publish your free-written comments?,My free-written comments may be publicly cited and/or published,280,64.97,65.88,
76,question,May we publicly cite and/or publish your free-written comments?,My free-written comments may not be publicly cited and/or published,131,30.39,30.82,
76,question,May we publicly cite and/or publish your free-written comments?,Some of my free-written comments may be publicly cited and/or published,14,3.25,3.29,
77,free text,Which of your free-written comments may we cite and/or publish?,(free text - not published),4,0.93,,
